{"metrics": {"psnr_ref1": 17.227450578752297, "psnr_ref2": 17.46212584913444, "psnr_avg": 17.344788213943367, "ssim_ref1": 0.6063220086190263, "ssim_ref2": 0.6155663853786343, "ssim_avg": 0.6109441969988303, "mse_ref1": 0.01893454799543175, "mse_ref2": 0.01793855328938924, "mse_avg": 0.018436550642410496, "mi_ref1": 0.6063387374678086, "mi_ref2": 0.7191693753858726, "mi_avg": 0.6627540564268406, "entropy": 7.130268986378372, "sf": 18.358592960824367}, "method": "latentlrr", "timestamp": 1771104205.9622922}