{"metrics": {"psnr_ref1": 13.423626274373397, "psnr_ref2": 12.60097049313776, "psnr_avg": 13.012298383755578, "ssim_ref1": 0.5103590495603569, "ssim_ref2": 0.616489313336617, "ssim_avg": 0.563424181448487, "mse_ref1": 0.045460831254073845, "mse_ref2": 0.05494180848091713, "mse_avg": 0.050201319867495486, "mi_ref1": 0.50640976111616, "mi_ref2": 0.9184208642035969, "mi_avg": 0.7124153126598785, "entropy": 7.2725057982202745, "sf": 15.864159127394668}, "method": "vif", "timestamp": 1771355299.0387118}