{"metrics": {"psnr_ref1": 15.96998815064078, "psnr_ref2": 15.84776581486107, "psnr_avg": 15.908876982750925, "ssim_ref1": 0.660887671972917, "ssim_ref2": 0.49230400545362596, "ssim_avg": 0.5765958387132715, "mse_ref1": 0.02529304897432149, "mse_ref2": 0.026014975337372757, "mse_avg": 0.025654012155847124, "mi_ref1": 1.093213445577538, "mi_ref2": 0.4547526963376747, "mi_avg": 0.7739830709576063, "entropy": 6.639609558826325, "sf": 12.339216651671345}, "method": "densefuse", "timestamp": 1771355386.8885567}