{"metrics": {"psnr_ref1": 13.577047074642755, "psnr_ref2": 14.26200196169532, "psnr_avg": 13.919524518169037, "ssim_ref1": 0.5520818163948111, "ssim_ref2": 0.581581556779264, "ssim_avg": 0.5668316865870375, "mse_ref1": 0.043882897205944266, "mse_ref2": 0.03748001912555292, "mse_avg": 0.04068145816574859, "mi_ref1": 0.5455629044738881, "mi_ref2": 1.2297125758954337, "mi_avg": 0.8876377401846609, "entropy": 6.5259468261271, "sf": 9.698287570032686}, "method": "cnn", "timestamp": 1771355298.4029164}