{"metrics": {"psnr_ref1": 11.729372450445366, "psnr_ref2": 11.193482957001192, "psnr_avg": 11.46142770372328, "ssim_ref1": 0.4856775157545779, "ssim_ref2": 0.445676073678824, "ssim_avg": 0.465676794716701, "mse_ref1": 0.06715258804819653, "mse_ref2": 0.07597167545474871, "mse_avg": 0.07156213175147262, "mi_ref1": 0.8074202700439734, "mi_ref2": 0.8286646364819781, "mi_avg": 0.8180424532629758, "entropy": 7.462940186269633, "sf": 23.396337994275637}, "method": "latentlrr", "timestamp": 1771355405.2568665}