{"metrics": {"psnr_ref1": 14.467463632100648, "psnr_ref2": 15.433391783110256, "psnr_avg": 14.950427707605453, "ssim_ref1": 0.3081492597833983, "ssim_ref2": 0.7270600419862713, "ssim_avg": 0.5176046508848348, "mse_ref1": 0.035748155368014504, "mse_ref2": 0.028619419576292406, "mse_avg": 0.032183787472153454, "mi_ref1": 0.4214679428131962, "mi_ref2": 0.961226047220503, "mi_avg": 0.6913469950168496, "entropy": 7.295381958715431, "sf": 31.667004624403134}, "method": "latentlrr", "timestamp": 1771355374.699754}