{"metrics": {"psnr_ref1": 12.054068023623712, "psnr_ref2": 12.01795017380932, "psnr_avg": 12.036009098716516, "ssim_ref1": 0.5603931113104418, "ssim_ref2": 0.5485144905964499, "ssim_avg": 0.5544538009534459, "mse_ref1": 0.0623150858446162, "mse_ref2": 0.0628354865998424, "mse_avg": 0.0625752862222293, "mi_ref1": 0.8446536151028674, "mi_ref2": 1.1882653257111855, "mi_avg": 1.0164594704070264, "entropy": 6.920142472261687, "sf": 8.225746259737322}, "method": "dnn", "timestamp": 1771355404.7639866}