{"metrics": {"psnr_ref1": 18.756780055434568, "psnr_ref2": 18.639898127941308, "psnr_avg": 18.698339091687938, "ssim_ref1": 0.7375673161367322, "ssim_ref2": 0.7226935117190014, "ssim_avg": 0.7301304139278668, "mse_ref1": 0.013314412087757682, "mse_ref2": 0.013677609086618747, "mse_avg": 0.013496010587188214, "mi_ref1": 0.5155889694233515, "mi_ref2": 0.6992081791525457, "mi_avg": 0.6073985742879486, "entropy": 6.350515858044647, "sf": 6.896548919822847}, "method": "dnn", "timestamp": 1771101265.1525154}