{"metrics": {"psnr_ref1": 18.603975155500606, "psnr_ref2": 19.738846692370185, "psnr_avg": 19.171410923935397, "ssim_ref1": 0.7117763064772314, "ssim_ref2": 0.7739470782449841, "ssim_avg": 0.7428616923611078, "mse_ref1": 0.013791213584818312, "mse_ref2": 0.010619775373378732, "mse_avg": 0.012205494479098522, "mi_ref1": 1.268703425068681, "mi_ref2": 1.4697793871625464, "mi_avg": 1.3692414061156137, "entropy": 7.763169042115937, "sf": 13.03698535596765}, "method": "latentlrr", "timestamp": 1771358650.7452328}