{"metrics": {"psnr_ref1": 19.917457753569963, "psnr_ref2": 19.527097655541933, "psnr_avg": 19.72227770455595, "ssim_ref1": 0.8371328632561713, "ssim_ref2": 0.8205608282640833, "ssim_avg": 0.8288468457601272, "mse_ref1": 0.010191878193908332, "mse_ref2": 0.011150394538212467, "mse_avg": 0.010671136366060398, "mi_ref1": 1.4289657093643768, "mi_ref2": 1.4536650266973528, "mi_avg": 1.4413153680308648, "entropy": 7.582789255340256, "sf": 7.031493839853073}, "method": "densefuse", "timestamp": 1771358651.4128404}