{"metrics": {"psnr_ref1": 16.08389710418372, "psnr_ref2": 15.082403120820372, "psnr_avg": 15.583150112502047, "ssim_ref1": 0.7691136055918243, "ssim_ref2": 0.32352213387493717, "ssim_avg": 0.5463178697333807, "mse_ref1": 0.024638274506003345, "mse_ref2": 0.03102842189370959, "mse_avg": 0.027833348199856466, "mi_ref1": 1.0115293864956278, "mi_ref2": 0.41085316396960536, "mi_avg": 0.7111912752326166, "entropy": 7.086775862474673, "sf": 29.08432044466764}, "method": "wavelet", "timestamp": 1771355385.604806}