{"metrics": {"psnr_ref1": 15.28520057381899, "psnr_ref2": 16.53943241018584, "psnr_avg": 15.912316492002414, "ssim_ref1": 0.6239446998026649, "ssim_ref2": 0.5180015958663051, "ssim_avg": 0.570973147834485, "mse_ref1": 0.029612831988405967, "mse_ref2": 0.02218486340124394, "mse_avg": 0.025898847694824954, "mi_ref1": 1.0295948975227578, "mi_ref2": 0.4693365851602991, "mi_avg": 0.7494657413415284, "entropy": 6.495949774082279, "sf": 11.972141015305782}, "method": "cnn", "timestamp": 1771355386.055046}