{"metrics": {"psnr_ref1": 14.087846810006724, "psnr_ref2": 13.842899064320541, "psnr_avg": 13.965372937163632, "ssim_ref1": 0.5943064245332776, "ssim_ref2": 0.5684234305053742, "ssim_avg": 0.581364927519326, "mse_ref1": 0.039013536407151356, "mse_ref2": 0.04127718706513697, "mse_avg": 0.040145361736144164, "mi_ref1": 0.6397996741256318, "mi_ref2": 1.201997376156969, "mi_avg": 0.9208985251413004, "entropy": 6.417025569390065, "sf": 9.791506868276404}, "method": "dnn", "timestamp": 1771355297.9570603}