{"metrics": {"psnr_ref1": 11.404045258063178, "psnr_ref2": 12.662848929854311, "psnr_avg": 12.033447093958745, "ssim_ref1": 0.5258944095706274, "ssim_ref2": 0.568326748614908, "ssim_avg": 0.5471105790927677, "mse_ref1": 0.07237614946774933, "mse_ref2": 0.05416454596448338, "mse_avg": 0.06327034771611635, "mi_ref1": 0.792042556030097, "mi_ref2": 1.1381474831884173, "mi_avg": 0.9650950196092571, "entropy": 6.94323385146791, "sf": 7.863047158921889}, "method": "cnn", "timestamp": 1771355404.8381374}