{"metrics": {"psnr_ref1": 12.065382518556406, "psnr_ref2": 11.76466746635719, "psnr_avg": 11.915024992456798, "ssim_ref1": 0.5332235669500248, "ssim_ref2": 0.4571038660685862, "ssim_avg": 0.4951637165093055, "mse_ref1": 0.06215295021712894, "mse_ref2": 0.06660905210317739, "mse_avg": 0.06438100116015316, "mi_ref1": 0.7303488244662653, "mi_ref2": 0.8354834238270872, "mi_avg": 0.7829161241466762, "entropy": 7.161426023358674, "sf": 16.74631886382075}, "method": "wavelet", "timestamp": 1771355404.2479954}