{"metrics": {"psnr_ref1": 18.239586513042376, "psnr_ref2": 18.593392223017318, "psnr_avg": 18.416489368029847, "ssim_ref1": 0.6795627190909697, "ssim_ref2": 0.6635682164217482, "ssim_avg": 0.671565467756359, "mse_ref1": 0.014998276256289652, "mse_ref2": 0.01382486113524476, "mse_avg": 0.014411568695767207, "mi_ref1": 0.48096233539131816, "mi_ref2": 0.6459337021326785, "mi_avg": 0.5634480187619983, "entropy": 6.619452443568809, "sf": 12.465325913872858}, "method": "wavelet", "timestamp": 1771104204.963114}