{"metrics": {"psnr_ref1": 16.3637580728756, "psnr_ref2": 14.493096969680694, "psnr_avg": 15.428427521278149, "ssim_ref1": 0.7970554818771989, "ssim_ref2": 0.35482621088947935, "ssim_avg": 0.5759408463833391, "mse_ref1": 0.023100649605572534, "mse_ref2": 0.03553778069883654, "mse_avg": 0.029319215152204536, "mi_ref1": 1.028311296362638, "mi_ref2": 0.4476897936283297, "mi_avg": 0.7380005449954838, "entropy": 7.25785138518739, "sf": 24.370449288958458}, "method": "vif", "timestamp": 1771355386.6923273}