{"metrics": {"psnr_ref1": 17.72622503866054, "psnr_ref2": 18.791287924093474, "psnr_avg": 18.258756481377006, "ssim_ref1": 0.7071282016331343, "ssim_ref2": 0.7115257729135974, "ssim_avg": 0.7093269872733658, "mse_ref1": 0.016880196432125825, "mse_ref2": 0.013209038548181373, "mse_avg": 0.015044617490153598, "mi_ref1": 0.46729022792969843, "mi_ref2": 0.781867916357541, "mi_avg": 0.6245790721436197, "entropy": 6.7687959798329125, "sf": 8.76352287719372}, "method": "vif", "timestamp": 1771104206.342582}