{"metrics": {"psnr_ref1": 13.31871940303583, "psnr_ref2": 13.554875692122124, "psnr_avg": 13.436797547578976, "ssim_ref1": 0.4332314762460331, "ssim_ref2": 0.5347862301394746, "ssim_avg": 0.48400885319275383, "mse_ref1": 0.046572340036792635, "mse_ref2": 0.044107498780660455, "mse_avg": 0.045339919408726545, "mi_ref1": 0.49662300449741537, "mi_ref2": 0.8408469948729955, "mi_avg": 0.6687349996852054, "entropy": 7.029104565146226, "sf": 22.60830257995617}, "method": "latentlrr", "timestamp": 1771355298.8217216}