{"metrics": {"psnr_ref1": 11.93079488288264, "psnr_ref2": 12.123103543817827, "psnr_avg": 12.026949213350234, "ssim_ref1": 0.5437691970177417, "ssim_ref2": 0.5396892832787886, "ssim_avg": 0.5417292401482652, "mse_ref1": 0.06410922276670651, "mse_ref2": 0.06133235568530419, "mse_avg": 0.06272078922600535, "mi_ref1": 0.820202046183768, "mi_ref2": 1.0867690662214624, "mi_avg": 0.9534855562026152, "entropy": 6.989859293170283, "sf": 7.813117799605165}, "method": "densefuse", "timestamp": 1771355405.6812708}