{"metrics": {"psnr_ref1": 18.5952414956465, "psnr_ref2": 18.734262250540624, "psnr_avg": 18.664751873093564, "ssim_ref1": 0.7263285106663657, "ssim_ref2": 0.7141841109111837, "ssim_avg": 0.7202563107887747, "mse_ref1": 0.013818975613781405, "mse_ref2": 0.013383625476271503, "mse_avg": 0.013601300545026455, "mi_ref1": 0.48827551252058576, "mi_ref2": 0.7062842732029857, "mi_avg": 0.5972798928617857, "entropy": 6.371859376993348, "sf": 6.296979941727689}, "method": "densefuse", "timestamp": 1771104206.6541622}