{"metrics": {"psnr_ref1": 13.680901679274498, "psnr_ref2": 14.211449623281498, "psnr_avg": 13.946175651277997, "ssim_ref1": 0.5671667623966758, "ssim_ref2": 0.5652397022610509, "ssim_avg": 0.5662032323288634, "mse_ref1": 0.04284595546784636, "mse_ref2": 0.037918839527536524, "mse_avg": 0.040382397497691444, "mi_ref1": 0.5634250865295343, "mi_ref2": 1.2056332271002201, "mi_avg": 0.8845291568148772, "entropy": 6.5008981587159616, "sf": 8.574958013065634}, "method": "densefuse", "timestamp": 1771355299.418617}