{"metrics": {"psnr_ref1": 19.55938020943751, "psnr_ref2": 19.593653184737192, "psnr_avg": 19.57651669708735, "ssim_ref1": 0.8025188228664846, "ssim_ref2": 0.7550162757866876, "ssim_avg": 0.7787675493265861, "mse_ref1": 0.01106781723797249, "mse_ref2": 0.010980817698459077, "mse_avg": 0.011024317468215784, "mi_ref1": 1.3274211170492123, "mi_ref2": 1.3653168456801144, "mi_avg": 1.3463689813646633, "entropy": 7.690999977380582, "sf": 12.090617014527426}, "method": "wavelet", "timestamp": 1771358649.7515998}