{"metrics": {"psnr_ref1": 13.675891489232894, "psnr_ref2": 13.925171711584195, "psnr_avg": 13.800531600408544, "ssim_ref1": 0.4960612633039375, "ssim_ref2": 0.5665444446928917, "ssim_avg": 0.5313028539984146, "mse_ref1": 0.0428954127508029, "mse_ref2": 0.0405025930883023, "mse_avg": 0.0416990029195526, "mi_ref1": 0.5299463732399481, "mi_ref2": 0.9052110670663804, "mi_avg": 0.7175787201531643, "entropy": 6.707556776572505, "sf": 18.433275859541528}, "method": "wavelet", "timestamp": 1771355297.43805}