{"metrics": {"psnr_ref1": 16.048458095716278, "psnr_ref2": 15.854932984072454, "psnr_avg": 15.951695539894367, "ssim_ref1": 0.4890356130703945, "ssim_ref2": 0.702988924928197, "ssim_avg": 0.5960122689992957, "mse_ref1": 0.024840148649047544, "mse_ref2": 0.025972078185743756, "mse_avg": 0.02540611341739565, "mi_ref1": 0.4739884108888681, "mi_ref2": 1.1612818915919068, "mi_avg": 0.8176351512403874, "entropy": 6.6526798658517725, "sf": 14.763855210386296}, "method": "dnn", "timestamp": 1771355374.0225716}