{"metrics": {"psnr_ref1": 12.294071533541997, "psnr_ref2": 11.145144385293763, "psnr_avg": 11.71960795941788, "ssim_ref1": 0.5295363993280334, "ssim_ref2": 0.5456889344317294, "ssim_avg": 0.5376126668798814, "mse_ref1": 0.058964802285177906, "mse_ref2": 0.07682199150595795, "mse_avg": 0.06789339689556792, "mi_ref1": 0.7968726147594687, "mi_ref2": 0.8397724163087865, "mi_avg": 0.8183225155341276, "entropy": 7.337208431713485, "sf": 11.016848101064301}, "method": "vif", "timestamp": 1771355405.4683821}