{"metrics": {"psnr_ref1": 18.719169836210753, "psnr_ref2": 20.615602754656166, "psnr_avg": 19.66738629543346, "ssim_ref1": 0.816197477465339, "ssim_ref2": 0.8309266635432839, "ssim_avg": 0.8235620705043114, "mse_ref1": 0.013430216582504435, "mse_ref2": 0.008678401219336804, "mse_avg": 0.01105430890092062, "mi_ref1": 1.4622154926622404, "mi_ref2": 1.542362453977697, "mi_avg": 1.5022889733199687, "entropy": 7.6111270000444184, "sf": 7.677583073778372}, "method": "cnn", "timestamp": 1771358650.6404276}