{"metrics": {"psnr_ref1": 18.664609286967433, "psnr_ref2": 18.657389128649402, "psnr_avg": 18.660999207808416, "ssim_ref1": 0.7177985174392364, "ssim_ref2": 0.7253582895101188, "ssim_avg": 0.7215784034746776, "mse_ref1": 0.013600005102274694, "mse_ref2": 0.01362263395513241, "mse_avg": 0.013611319528703552, "mi_ref1": 0.5209466988773332, "mi_ref2": 0.7096823885333485, "mi_avg": 0.6153145437053409, "entropy": 6.450341803843776, "sf": 6.955282758511975}, "method": "cnn", "timestamp": 1771104205.8597715}