{"metrics": {"psnr_ref1": 15.908998358503181, "psnr_ref2": 15.994795814884881, "psnr_avg": 15.951897086694032, "ssim_ref1": 0.7062322077296218, "ssim_ref2": 0.4857656816322012, "ssim_avg": 0.5959989446809115, "mse_ref1": 0.025650755682953368, "mse_ref2": 0.025148982490632493, "mse_avg": 0.025399869086792932, "mi_ref1": 1.168471012330432, "mi_ref2": 0.4734406977244152, "mi_avg": 0.8209558550274236, "entropy": 6.6651981349114235, "sf": 14.825099827490934}, "method": "dnn", "timestamp": 1771355385.97545}