{"metrics": {"psnr_ref1": 15.487158960961128, "psnr_ref2": 16.18692855807486, "psnr_avg": 15.837043759517995, "ssim_ref1": 0.47010205521121334, "ssim_ref2": 0.6792671416579346, "ssim_avg": 0.574684598434574, "mse_ref1": 0.028267285408683288, "mse_ref2": 0.02406063828459321, "mse_avg": 0.02616396184663825, "mi_ref1": 0.4596457400403189, "mi_ref2": 1.1435478898783398, "mi_avg": 0.8015968149593293, "entropy": 6.757567407682969, "sf": 13.740270554138256}, "method": "cnn", "timestamp": 1771355374.4069626}