{"metrics": {"psnr_ref1": 19.738133064772693, "psnr_ref2": 19.779169604050242, "psnr_avg": 19.758651334411468, "ssim_ref1": 0.8494428061642498, "ssim_ref2": 0.8297067587044239, "ssim_avg": 0.8395747824343369, "mse_ref1": 0.010621520545787303, "mse_ref2": 0.010521630341958375, "mse_avg": 0.01057157544387284, "mi_ref1": 1.474169026864736, "mi_ref2": 1.4725742267576578, "mi_avg": 1.473371626811197, "entropy": 7.632190199387677, "sf": 7.597548280631249}, "method": "dnn", "timestamp": 1771358650.006041}