{"metrics": {"psnr_ref1": 15.945203922985133, "psnr_ref2": 15.842949817942579, "psnr_avg": 15.894076870463856, "ssim_ref1": 0.498829711177997, "ssim_ref2": 0.6519763855889654, "ssim_avg": 0.5754030483834812, "mse_ref1": 0.02543780347112793, "mse_ref2": 0.02604383997633158, "mse_avg": 0.025740821723729754, "mi_ref1": 0.4377524715168164, "mi_ref2": 1.0657069278837508, "mi_avg": 0.7517296997002836, "entropy": 6.682900401253871, "sf": 11.633672562824186}, "method": "densefuse", "timestamp": 1771355375.1205761}